Date,Wake-up Time,Sleep Duration (hrs),Meditation (mins),Exercise (mins),Breakfast Type,Journaling,Activity Score,Mood,prep_time,predict_model
2023-02-02 10:21:52.870632,495,8.0,5,50,4,0,7,2,180,
2023-02-03 10:21:52.870632,510,8.9,25,30,3,1,10,2,120,
2023-02-04 10:21:52.870632,300,8.4,25,30,0,1,7,2,120,
2023-02-05 10:21:52.870632,315,8.2,25,30,4,0,10,2,60,
2023-02-07 10:21:52.870632,270,8.8,5,0,0,0,10,2,120,
2023-02-08 10:21:52.870632,405,8.2,25,30,0,1,10,2,180,
2023-02-10 10:21:52.870632,255,8.2,5,0,4,0,9,2,60,
2023-02-12 10:21:52.870632,405,7.0,5,20,1,1,7,2,180,
2023-02-13 10:21:52.870632,495,8.7,0,60,4,1,8,2,180,
2023-02-14 10:21:52.870632,240,5.4,10,30,1,0,2,0,180,
2023-02-16 10:21:52.870632,525,7.0,30,20,4,0,7,2,180,
2023-02-18 10:21:52.870632,585,5.7,10,0,2,1,3,0,180,
2023-02-19 10:21:52.870632,345,5.8,30,20,1,1,5,0,120,
2023-02-20 10:21:52.870632,390,6.7,20,20,3,1,3,0,180,
2023-02-21 10:21:52.870632,540,8.5,15,40,3,0,10,2,120,
2023-02-23 10:21:52.870632,570,5.2,10,20,0,1,3,0,120,
2023-02-24 10:21:52.870632,540,8.1,15,20,4,1,7,2,180,
2023-02-25 10:21:52.870632,360,7.8,0,0,0,0,7,2,180,
2023-02-27 10:21:52.870632,255,7.7,10,0,4,0,8,2,60,
2023-02-28 10:21:52.870632,585,6.1,0,30,2,0,4,0,60,
2023-03-01 10:21:52.870632,375,9.0,30,60,4,1,9,2,120,
2023-03-05 10:21:52.870632,300,5.1,20,40,4,0,3,0,180,
2023-03-06 10:21:52.870632,240,6.7,10,0,2,1,4,0,180,
2023-03-07 10:21:52.870632,255,5.4,25,20,2,0,3,0,180,
2023-03-08 10:21:52.870632,285,5.6,30,40,3,0,3,0,60,
2023-03-09 10:21:52.870632,540,5.7,0,20,1,0,2,0,180,
2023-03-10 10:21:52.870632,270,7.0,20,50,2,0,8,2,120,
2023-03-11 10:21:52.870632,405,8.0,0,20,1,1,8,2,120,
2023-03-12 10:21:52.870632,360,5.9,20,30,4,1,5,0,120,
2023-03-13 10:21:52.870632,585,7.8,10,40,4,0,9,2,180,
2023-03-14 10:21:52.870632,330,6.1,0,40,0,1,4,0,120,
2023-03-15 10:21:52.870632,330,5.3,10,10,0,1,3,0,120,
2023-03-16 10:21:52.870632,390,5.2,10,20,1,1,2,0,180,
2023-03-18 10:21:52.870632,480,7.3,10,10,4,1,7,2,120,
2023-03-19 10:21:52.870632,300,5.6,0,50,3,1,2,0,120,
2023-03-21 10:21:52.870632,240,8.8,30,50,4,0,10,2,180,
2023-03-22 10:21:52.870632,360,8.2,5,50,0,0,7,2,180,
2023-03-23 10:21:52.870632,480,8.6,25,60,4,0,7,2,180,
2023-03-24 10:21:52.870632,405,7.5,5,50,1,1,9,2,180,
2023-03-26 10:21:52.870632,420,8.0,0,0,2,0,4,0,60,
2023-03-27 10:21:52.870632,540,5.4,15,40,1,1,6,0,180,
2023-03-28 10:21:52.870632,570,5.3,15,60,0,0,4,0,120,
2023-03-31 10:21:52.870632,360,7.1,15,20,0,1,4,0,180,
2023-04-02 10:21:52.870632,360,6.0,0,50,1,1,4,0,180,
2023-04-07 10:21:52.870632,465,5.9,20,50,1,0,7,0,120,
2023-04-08 10:21:52.870632,330,6.6,25,10,0,1,4,0,180,
2023-04-12 10:21:52.870632,285,8.8,30,50,0,0,8,2,60,
2023-04-14 10:21:52.870632,330,8.5,10,30,0,0,9,2,60,
2023-04-15 10:21:52.870632,510,5.1,30,60,3,1,3,0,60,
2023-04-16 10:21:52.870632,255,5.5,25,50,4,0,5,0,60,
2023-04-17 10:21:52.870632,330,8.1,15,20,4,0,7,2,120,
2023-04-18 10:21:52.870632,525,5.1,15,60,0,1,2,0,60,
2023-04-19 10:21:52.870632,300,8.8,25,40,3,0,8,2,120,
2023-04-20 10:21:52.870632,330,5.1,25,60,1,0,5,0,60,
2023-04-21 10:21:52.870632,330,5.5,15,10,4,1,4,0,60,
2023-04-25 10:21:52.870632,540,5.8,15,60,0,1,5,0,60,
2023-04-26 10:21:52.870632,285,6.4,20,20,4,0,4,0,180,
2023-04-27 10:21:52.870632,420,8.4,0,50,2,1,9,2,120,
2023-04-28 10:21:52.870632,450,7.8,0,10,4,1,7,2,180,
2023-04-29 10:21:52.870632,240,6.4,25,10,4,0,3,0,120,
2023-05-01 10:21:52.870632,555,7.5,25,50,3,1,7,2,180,
2023-05-02 10:21:52.870632,360,8.3,10,50,4,0,7,2,120,
2023-05-04 10:21:52.870632,375,8.6,20,10,2,0,8,2,60,
2023-05-05 10:21:52.870632,405,6.8,20,40,2,0,4,0,120,
2023-05-06 10:21:52.870632,450,5.6,20,40,3,0,3,0,60,
2023-05-07 10:21:52.870632,330,8.9,30,0,0,0,7,2,120,
2023-05-08 10:21:52.870632,405,8.0,15,30,0,1,7,2,180,
2023-05-09 10:21:52.870632,375,5.9,10,50,2,0,3,0,180,
2023-05-11 10:21:52.870632,345,7.1,15,20,2,1,4,0,60,
2023-05-12 10:21:52.870632,240,7.4,0,20,0,0,4,0,120,
2023-05-13 10:21:52.870632,480,5.8,15,10,0,0,6,0,60,
2023-05-14 10:21:52.870632,285,5.7,20,60,1,1,5,0,120,
2023-05-15 10:21:52.870632,285,5.7,30,30,0,1,5,0,60,
2023-05-17 10:21:52.870632,540,7.2,20,10,4,1,4,0,180,
2023-05-19 10:21:52.870632,255,5.2,30,20,1,0,5,0,120,
2023-05-20 10:21:52.870632,480,7.0,15,0,3,1,7,2,120,
2023-05-25 10:21:52.870632,405,5.0,5,20,1,0,1,0,60,
2023-05-26 10:21:52.870632,345,7.1,0,0,2,1,4,0,120,
2023-05-30 10:21:52.870632,405,5.2,0,50,0,0,1,0,60,
2023-05-31 10:21:52.870632,540,6.3,0,30,4,1,3,0,180,
2023-06-04 10:21:52.870632,345,7.9,5,30,4,0,8,2,120,
2023-06-08 10:21:52.870632,240,5.9,20,20,2,1,3,0,120,
2023-06-09 10:21:52.870632,375,5.6,15,40,4,0,3,0,60,
2023-06-10 10:21:52.870632,435,6.0,30,10,3,1,3,0,120,
2023-06-11 10:21:52.870632,405,7.6,0,30,4,1,7,2,60,
2023-06-14 10:21:52.870632,510,8.1,20,60,2,0,7,2,120,
2023-06-15 10:21:52.870632,315,8.2,10,60,3,0,8,2,60,
2023-06-16 10:21:52.870632,300,5.7,10,50,0,1,5,0,120,
2023-06-17 10:21:52.870632,330,6.1,25,0,2,0,4,0,180,
2023-06-18 10:21:52.870632,405,6.5,0,50,3,1,3,0,180,
2023-06-19 10:21:52.870632,315,5.4,30,10,3,1,2,0,120,
2023-06-21 10:21:52.870632,390,5.7,30,20,4,1,2,0,60,
2023-06-23 10:21:52.870632,330,8.3,0,50,1,0,8,2,60,
2023-06-24 10:21:52.870632,360,8.6,20,40,3,0,9,2,180,
2023-06-25 10:21:52.870632,585,7.0,5,40,0,0,8,2,60,
2023-06-26 10:21:52.870632,510,5.9,30,50,2,0,5,0,180,
2023-06-27 10:21:52.870632,525,7.5,15,10,2,1,7,2,120,
2023-06-28 10:21:52.870632,570,7.9,15,0,0,0,8,2,60,
2023-06-30 10:21:52.870632,450,6.2,30,50,1,0,4,0,180,
2023-07-01 10:21:52.870632,465,7.4,25,50,0,0,8,2,60,
2023-07-03 10:21:52.870632,345,8.9,25,30,0,0,9,2,60,
2023-07-05 10:21:52.870632,555,7.8,10,60,3,1,9,2,60,
2023-07-06 10:21:52.870632,270,7.8,5,0,3,1,8,2,60,
2023-07-07 10:21:52.870632,465,5.6,5,60,1,1,5,0,180,
2023-07-08 10:21:52.870632,330,8.0,5,20,0,0,8,2,60,
2023-07-09 10:21:52.870632,315,6.5,30,50,4,1,4,0,60,
2023-07-12 10:21:52.870632,420,5.0,10,60,3,1,2,0,60,
2023-07-13 10:21:52.870632,390,7.2,10,10,2,1,7,2,180,
2023-07-15 10:21:52.870632,570,7.9,5,0,3,0,7,2,120,
2023-07-16 10:21:52.870632,285,5.9,30,0,2,0,4,0,180,
2023-07-17 10:21:52.870632,585,8.2,25,60,4,1,10,2,60,
2023-07-18 10:21:52.870632,510,5.9,5,0,0,0,5,0,180,
2023-07-20 10:21:52.870632,585,5.0,30,10,2,0,1,0,180,
2023-07-21 10:21:52.870632,390,5.5,5,0,3,0,4,0,60,
2023-07-22 10:21:52.870632,405,5.3,15,30,3,1,3,0,120,
2023-07-24 10:21:52.870632,495,7.7,15,40,4,1,7,2,180,
2023-07-25 10:21:52.870632,390,5.7,30,10,2,1,4,0,120,
2023-07-26 10:21:52.870632,390,5.0,20,40,4,0,2,0,120,
2023-07-27 10:21:52.870632,375,8.5,20,60,2,0,10,2,120,
2023-07-29 10:21:52.870632,525,8.6,20,20,1,0,8,2,120,
2023-07-30 10:21:52.870632,525,6.1,20,20,4,1,3,0,60,
2023-07-31 10:21:52.870632,585,8.1,20,20,0,1,7,2,180,
2023-08-01 10:21:52.870632,525,7.4,0,20,4,0,4,0,120,
2023-08-02 10:21:52.870632,285,8.6,20,10,2,1,9,2,60,
2023-08-04 10:21:52.870632,465,7.7,5,10,3,1,7,2,120,
2023-08-06 10:21:52.870632,240,8.0,15,50,1,1,9,2,60,
2023-08-07 10:21:52.870632,465,5.3,15,30,2,1,2,0,180,
2023-08-08 10:21:52.870632,420,7.6,15,0,0,0,8,2,60,
2023-08-10 10:21:52.870632,465,8.7,10,20,3,1,8,2,120,
2023-08-11 10:21:52.870632,540,6.4,30,0,2,1,3,0,120,
2023-08-13 10:21:52.870632,450,9.0,10,60,0,0,10,2,120,
2023-08-14 10:21:52.870632,420,5.5,20,40,3,1,5,0,120,
2023-08-15 10:21:52.870632,570,8.3,20,50,1,1,8,2,120,
2023-08-17 10:21:52.870632,405,8.9,30,60,3,1,10,2,120,
2023-08-18 10:21:52.870632,570,7.0,30,10,0,0,7,2,120,
2023-08-19 10:21:52.870632,285,8.9,15,20,1,1,10,2,120,
2023-08-20 10:21:52.870632,450,5.9,25,30,4,1,6,0,60,
2023-08-21 10:21:52.870632,300,5.5,15,0,3,1,3,0,120,
2023-08-22 10:21:52.870632,390,6.6,10,20,0,0,4,0,60,
2023-08-23 10:21:52.870632,480,8.4,0,20,2,0,7,2,60,
2023-08-25 10:21:52.870632,360,5.3,0,40,3,0,2,0,120,
2023-08-26 10:21:52.870632,285,5.5,30,20,2,1,5,0,180,
2023-08-27 10:21:52.870632,435,5.2,20,50,4,0,2,0,180,
2023-08-28 10:21:52.870632,330,8.2,10,40,4,0,8,2,60,
2023-08-30 10:21:52.870632,240,7.2,20,20,1,1,7,2,180,
2023-09-01 10:21:52.870632,345,8.4,20,50,4,1,8,2,60,
2023-09-02 10:21:52.870632,420,6.1,0,30,3,1,3,0,120,
2023-09-04 10:21:52.870632,345,6.7,5,0,0,1,3,0,120,
2023-09-08 10:21:52.870632,525,7.0,5,10,0,0,4,0,120,
2023-09-09 10:21:52.870632,390,7.9,15,20,2,0,8,2,180,
2023-09-10 10:21:52.870632,450,5.4,15,50,2,0,5,0,180,
2023-09-12 10:21:52.870632,300,7.8,20,0,4,1,7,2,60,
2023-09-13 10:21:52.870632,585,7.2,15,60,1,1,9,2,180,
2023-09-14 10:21:52.870632,480,6.0,25,30,1,1,3,0,60,
2023-09-15 10:21:52.870632,375,8.4,25,0,3,1,9,2,60,
2023-09-16 10:21:52.870632,585,5.2,10,60,3,0,3,0,120,
2023-09-18 10:21:52.870632,495,8.0,15,40,3,1,8,2,60,
2023-09-20 10:21:52.870632,345,5.7,0,50,0,1,5,0,120,
2023-09-21 10:21:52.870632,360,8.1,0,60,0,0,7,2,180,
2023-09-22 10:21:52.870632,570,8.2,30,30,0,0,7,2,120,
2023-09-24 10:21:52.870632,510,6.1,10,30,3,0,4,0,180,
2023-09-26 10:21:52.870632,375,6.2,10,0,4,1,3,0,60,
2023-09-28 10:21:52.870632,375,7.8,5,0,3,0,8,2,120,
2023-09-29 10:21:52.870632,465,8.8,20,20,4,1,10,2,60,
2023-10-01 10:21:52.870632,360,8.7,25,50,1,1,10,2,120,
2023-10-02 10:21:52.870632,360,7.8,0,60,1,1,9,2,180,
2023-10-03 10:21:52.870632,315,5.9,30,10,2,1,2,0,120,
2023-10-05 10:21:52.870632,480,5.5,5,50,2,0,3,0,60,
2023-10-07 10:21:52.870632,540,8.1,5,40,1,1,9,2,180,
2023-10-08 10:21:52.870632,390,9.0,10,60,3,0,9,2,180,
2023-10-09 10:21:52.870632,555,8.9,25,0,4,1,9,2,120,
2023-10-10 10:21:52.870632,300,8.3,30,20,0,1,9,2,120,
2023-10-11 10:21:52.870632,285,7.5,10,30,4,1,8,2,60,
2023-10-13 10:21:52.870632,495,8.2,5,0,0,1,9,2,120,
2023-10-14 10:21:52.870632,285,8.9,30,60,1,0,10,2,120,
2023-10-15 10:21:52.870632,570,6.2,30,30,1,1,3,0,60,
2023-10-16 10:21:52.870632,375,8.9,10,20,3,0,10,2,120,
2023-10-17 10:21:52.870632,495,8.4,5,60,2,0,9,2,60,
2023-10-18 10:21:52.870632,285,5.3,0,30,1,0,2,0,120,
2023-10-20 10:21:52.870632,555,7.5,10,60,0,1,8,2,120,
2023-10-24 10:21:52.870632,390,5.6,25,20,2,1,3,0,180,
2023-10-25 10:21:52.870632,435,7.1,25,30,2,0,7,2,60,
2023-10-26 10:21:52.870632,435,7.0,15,10,4,0,7,2,180,
2023-10-27 10:21:52.870632,510,8.6,10,20,4,0,9,2,180,
2023-10-28 10:21:52.870632,300,5.3,15,40,4,0,4,0,120,
2023-10-30 10:21:52.870632,540,5.0,5,60,2,0,2,0,180,
2023-10-31 10:21:52.870632,270,5.2,0,20,0,0,1,0,60,
2023-11-01 10:21:52.870632,510,6.1,25,50,2,1,4,0,60,
2023-11-02 10:21:52.870632,450,6.5,10,40,0,1,4,0,60,
2023-11-03 10:21:52.870632,480,5.7,0,0,2,0,1,0,180,
2023-11-05 10:21:52.870632,315,5.1,20,30,3,0,2,0,180,
2023-11-08 10:21:52.870632,240,8.5,20,50,3,1,8,2,60,
2023-11-10 10:21:52.870632,525,5.6,10,0,4,0,2,0,120,
2023-11-11 10:21:52.870632,285,8.5,15,20,2,1,7,2,60,
2023-11-13 10:21:52.870632,285,5.2,20,10,0,0,4,0,120,
2023-11-14 10:21:52.870632,480,5.7,5,50,0,1,3,0,60,
2023-11-16 10:21:52.870632,360,6.2,5,10,2,1,3,0,60,
2023-11-18 10:21:52.870632,255,8.3,5,60,0,0,8,2,120,
2023-11-20 10:21:52.870632,270,5.4,5,30,3,0,4,0,120,
2023-11-21 10:21:52.870632,375,5.9,25,50,4,1,3,0,120,
2023-11-22 10:21:52.870632,465,7.3,25,40,0,1,9,2,120,
2023-11-23 10:21:52.870632,540,7.4,10,10,3,0,7,2,180,
2023-11-24 10:21:52.870632,570,8.5,0,10,0,1,8,2,60,
2023-11-25 10:21:52.870632,585,7.8,25,30,1,1,9,2,120,
2023-11-28 10:21:52.870632,510,6.0,10,30,3,1,3,0,180,
2023-11-29 10:21:52.870632,435,8.9,0,0,0,0,7,2,60,
2023-12-01 10:21:52.870632,570,5.6,30,20,1,1,2,0,180,
2023-12-02 10:21:52.870632,360,8.7,5,60,0,0,8,2,120,
2023-12-03 10:21:52.870632,375,5.9,0,20,3,0,5,0,180,
2023-12-04 10:21:52.870632,300,7.7,30,60,1,1,7,2,180,
2023-12-05 10:21:52.870632,390,5.4,5,40,4,1,4,0,120,
2023-12-07 10:21:52.870632,315,5.5,30,20,3,1,5,0,60,
2023-12-08 10:21:52.870632,240,5.1,25,10,0,0,1,0,120,
2023-12-10 10:21:52.870632,285,5.4,10,40,3,1,4,0,120,
2023-12-11 10:21:52.870632,330,7.3,10,0,2,1,7,2,120,
2023-12-12 10:21:52.870632,585,5.3,5,10,4,0,2,0,60,
2023-12-14 10:21:52.870632,480,6.4,0,10,2,0,4,0,180,
2023-12-15 10:21:52.870632,300,8.1,30,60,4,1,10,2,120,
2023-12-17 10:21:52.870632,270,5.7,15,40,0,0,4,0,120,
2023-12-18 10:21:52.870632,465,5.4,15,0,3,1,5,0,120,
2023-12-19 10:21:52.870632,510,5.1,30,60,0,1,3,0,60,
2023-12-21 10:21:52.870632,360,9.0,20,30,0,1,9,2,60,
2023-12-22 10:21:52.870632,435,5.8,30,40,2,1,3,0,120,
2023-12-25 10:21:52.870632,465,8.0,0,0,4,1,4,0,120,
2023-12-26 10:21:52.870632,240,7.9,15,10,2,0,9,2,120,
2023-12-29 10:21:52.870632,540,8.4,10,20,4,0,7,2,60,
2023-12-30 10:21:52.870632,435,8.1,20,10,2,1,9,2,180,
2023-12-31 10:21:52.870632,570,7.5,15,10,1,0,7,2,120,
2024-01-01 10:21:52.870632,585,7.5,0,50,4,1,7,2,120,
2024-01-03 10:21:52.870632,555,7.4,15,20,1,0,8,2,60,
2024-01-05 10:21:52.870632,405,5.2,20,0,4,1,4,0,60,
2024-01-06 10:21:52.870632,315,5.1,20,10,0,1,3,0,180,
2024-01-09 10:21:52.870632,450,7.8,10,50,1,0,9,2,60,
2024-01-10 10:21:52.870632,480,5.6,10,60,4,0,6,0,60,
2024-01-11 10:21:52.870632,495,5.9,25,20,0,0,6,0,120,
2024-01-15 10:21:52.870632,375,5.8,20,0,0,1,3,0,180,
2024-01-16 10:21:52.870632,255,8.2,15,60,4,0,9,2,120,
2024-01-18 10:21:52.870632,420,5.2,30,10,2,1,5,0,60,
2024-01-20 10:21:52.870632,315,5.9,15,40,1,1,4,0,180,
2024-01-21 10:21:52.870632,405,6.0,0,50,4,1,2,0,180,
2024-01-23 10:21:52.870632,420,8.7,20,50,3,1,10,2,180,
2024-01-25 10:21:52.870632,375,7.1,30,0,0,0,7,2,60,
2024-01-26 10:21:52.870632,450,5.1,5,10,4,1,1,0,60,
2024-01-27 10:21:52.870632,540,5.6,10,0,4,1,5,0,180,
2024-01-28 10:21:52.870632,315,6.8,15,0,4,0,4,0,180,
2024-01-30 10:21:52.870632,390,8.6,30,60,2,1,9,2,180,
2024-01-31 10:21:52.870632,240,7.4,10,60,0,1,8,2,60,
2024-02-02 10:21:52.870632,330,8.2,0,20,3,1,7,2,180,
2024-02-03 10:21:52.870632,270,8.9,0,30,2,1,9,2,120,
2024-02-05 10:21:52.870632,435,7.8,5,0,1,0,7,2,60,
2024-02-06 10:21:52.870632,375,8.6,20,20,4,0,9,2,120,
2024-02-07 10:21:52.870632,450,6.4,20,10,4,1,4,0,60,
2024-02-08 10:21:52.870632,555,7.6,5,40,3,0,8,2,60,
2024-02-09 10:21:52.870632,360,5.2,5,40,3,0,6,0,180,
2024-02-11 10:21:52.870632,270,8.7,25,10,2,0,7,2,180,
2024-02-14 10:21:52.870632,585,8.9,25,60,4,0,9,2,180,
2024-02-15 10:21:52.870632,420,5.7,5,20,2,1,5,0,120,
2024-02-17 10:21:52.870632,330,8.6,20,30,1,1,10,2,180,
2024-02-18 10:21:52.870632,330,5.2,15,50,4,0,3,0,60,
2024-02-19 10:21:52.870632,570,8.7,15,50,1,0,8,2,180,
2024-02-20 10:21:52.870632,405,7.5,20,50,3,1,7,2,60,
2024-02-21 10:21:52.870632,585,8.5,20,10,0,0,8,2,180,
2024-02-22 10:21:52.870632,555,5.9,5,0,2,1,4,0,120,
2024-02-23 10:21:52.870632,315,5.7,20,30,3,0,3,0,180,
2024-02-24 10:21:52.870632,555,5.5,15,50,2,0,5,0,60,
2024-02-27 10:21:52.870632,375,8.9,5,60,1,0,9,2,60,
2024-02-28 10:21:52.870632,390,8.2,20,20,0,1,8,2,120,
2024-02-29 10:21:52.870632,510,7.6,10,60,1,1,8,2,120,
2024-03-01 10:21:52.870632,375,7.1,5,20,1,0,7,2,120,
2024-03-02 10:21:52.870632,435,8.7,15,30,0,0,7,2,120,
2024-03-03 10:21:52.870632,375,5.7,5,50,3,0,4,0,180,
2024-03-04 10:21:52.870632,345,7.1,25,50,3,1,7,2,180,
2024-03-05 10:21:52.870632,270,8.2,15,10,3,0,9,2,120,
2024-03-07 10:21:52.870632,285,5.1,20,0,1,0,3,0,120,
2024-03-08 10:21:52.870632,465,8.4,20,60,4,0,10,2,60,
2024-03-09 10:21:52.870632,525,5.3,20,10,4,0,3,0,120,
2024-03-14 10:21:52.870632,555,8.8,30,40,2,0,8,2,120,
2024-03-16 10:21:52.870632,300,6.0,5,50,2,0,3,0,60,
2024-03-17 10:21:52.870632,240,7.5,25,40,3,0,8,2,180,
2024-03-18 10:21:52.870632,300,7.7,5,30,0,1,8,2,60,
2024-03-20 10:21:52.870632,555,5.3,20,10,3,1,2,0,60,
2024-03-21 10:21:52.870632,450,7.9,5,10,0,1,8,2,60,
2024-03-23 10:21:52.870632,420,5.4,5,20,1,0,1,0,120,
2024-03-24 10:21:52.870632,465,5.6,15,60,0,0,3,0,120,
2024-03-28 10:21:52.870632,420,8.0,25,60,2,0,7,2,60,
2024-03-29 10:21:52.870632,375,5.3,10,60,2,1,4,0,180,
2024-03-30 10:21:52.870632,285,6.8,30,40,1,1,4,0,120,
2024-03-31 10:21:52.870632,375,5.7,30,10,0,1,4,0,180,
2024-04-01 10:21:52.870632,555,5.8,0,10,4,0,3,0,120,
2024-04-03 10:21:52.870632,315,8.4,15,30,0,0,8,2,180,
2024-04-04 10:21:52.870632,495,5.3,5,30,4,0,5,0,60,
2024-04-05 10:21:52.870632,390,5.2,15,60,0,0,3,0,60,
2024-04-06 10:21:52.870632,480,5.5,30,10,0,1,3,0,180,
2024-04-07 10:21:52.870632,390,8.1,25,60,3,0,10,2,180,
2024-04-08 10:21:52.870632,450,8.7,10,10,2,1,8,2,180,
2024-04-09 10:21:52.870632,465,8.4,30,10,4,1,9,2,60,
2024-04-11 10:21:52.870632,315,7.6,5,60,3,0,7,2,120,
2024-04-12 10:21:52.870632,390,8.9,5,10,2,0,8,2,60,
2024-04-14 10:21:52.870632,270,7.9,20,30,2,1,9,2,60,
2024-04-15 10:21:52.870632,405,8.8,10,30,4,0,9,2,60,
2024-04-16 10:21:52.870632,495,5.0,10,30,2,1,5,0,120,
2024-04-17 10:21:52.870632,435,7.2,5,0,4,1,4,0,120,
2024-04-19 10:21:52.870632,555,5.7,5,30,3,1,4,0,120,
2024-04-20 10:21:52.870632,420,8.3,25,30,4,1,8,2,180,
2024-04-23 10:21:52.870632,555,5.1,10,0,0,0,4,0,120,
2024-04-24 10:21:52.870632,330,7.3,30,50,4,1,8,2,120,
2024-04-25 10:21:52.870632,525,8.1,20,20,1,0,9,2,180,
2024-04-26 10:21:52.870632,585,7.3,5,30,0,0,8,2,180,
2024-04-27 10:21:52.870632,315,5.7,30,0,0,1,3,0,180,
2024-04-28 10:21:52.870632,465,8.0,30,50,4,1,9,2,180,
2024-04-29 10:21:52.870632,525,5.6,20,40,4,1,3,0,180,
2024-05-01 10:21:52.870632,420,5.5,0,40,1,1,2,0,120,
2024-05-03 10:21:52.870632,315,7.9,15,60,3,0,8,2,180,
2024-05-04 10:21:52.870632,375,8.0,10,0,1,0,8,2,120,
2024-05-05 10:21:52.870632,465,8.7,5,30,3,0,9,2,120,
2024-05-06 10:21:52.870632,435,5.5,5,60,1,1,4,0,60,
2024-05-08 10:21:52.870632,495,5.8,15,50,1,1,4,0,60,
2024-05-09 10:21:52.870632,345,7.4,25,0,3,1,7,2,180,
2024-05-10 10:21:52.870632,450,5.6,10,10,2,0,3,0,120,
2024-05-12 10:21:52.870632,495,5.0,30,50,3,0,2,0,120,
2024-05-14 10:21:52.870632,525,6.4,5,30,3,1,4,0,60,
2024-05-16 10:21:52.870632,240,7.3,25,30,3,0,8,2,120,
2024-05-17 10:21:52.870632,465,5.6,20,20,1,0,2,0,60,
2024-05-18 10:21:52.870632,435,6.1,20,40,1,0,3,0,120,
2024-05-20 10:21:52.870632,360,8.6,10,10,1,1,9,2,60,
2024-05-21 10:21:52.870632,480,6.6,0,10,3,0,3,0,60,
2024-05-22 10:21:52.870632,495,6.5,0,30,4,0,3,0,120,
2024-05-24 10:21:52.870632,330,5.4,20,10,3,0,2,0,60,
2024-05-25 10:21:52.870632,540,7.8,10,10,3,1,8,2,120,
2024-05-26 10:21:52.870632,405,8.3,25,10,0,1,8,2,120,
2024-05-27 10:21:52.870632,300,7.0,5,30,2,1,7,2,180,
2024-05-28 10:21:52.870632,540,5.7,20,40,3,1,5,0,120,
2024-05-29 10:21:52.870632,540,5.4,15,10,3,0,2,0,120,
2024-05-30 10:21:52.870632,450,5.3,15,60,2,1,5,0,180,
2024-05-31 10:21:52.870632,435,8.4,0,30,3,0,9,2,60,
2024-06-01 10:21:52.870632,405,7.5,20,0,3,1,7,2,60,
2024-06-02 10:21:52.870632,570,8.1,25,60,1,0,9,2,120,
2024-06-04 10:21:52.870632,375,6.0,20,40,0,1,3,0,60,
2024-06-05 10:21:52.870632,345,5.4,10,20,3,1,2,0,120,
2024-06-06 10:21:52.870632,255,8.5,10,60,3,0,9,2,60,
2024-06-08 10:21:52.870632,270,8.6,20,0,4,1,7,2,60,
2024-06-09 10:21:52.870632,435,7.5,0,0,4,1,7,2,60,
2024-06-10 10:21:52.870632,240,7.8,0,60,2,1,8,2,60,
2024-06-13 10:21:52.870632,360,8.5,5,50,2,0,10,2,60,
2024-06-14 10:21:52.870632,285,5.7,10,20,0,0,5,0,60,
2024-06-15 10:21:52.870632,315,5.3,5,30,4,0,3,0,180,
2024-06-17 10:21:52.870632,495,5.5,25,20,4,1,5,0,60,
2024-06-18 10:21:52.870632,555,5.2,10,60,3,0,6,0,60,
2024-06-19 10:21:52.870632,585,8.3,25,60,3,0,7,2,120,
2024-06-20 10:21:52.870632,525,5.4,0,30,0,1,2,0,60,
2024-06-22 10:21:52.870632,345,7.9,25,60,1,0,7,2,120,
2024-06-25 10:21:52.870632,555,5.5,10,0,0,0,4,0,120,
2024-06-26 10:21:52.870632,570,8.3,5,0,0,1,9,2,60,
2024-06-27 10:21:52.870632,465,5.1,30,10,1,0,4,0,180,
2024-06-28 10:21:52.870632,450,6.8,0,50,3,1,4,0,120,
2024-06-29 10:21:52.870632,495,9.0,25,60,3,0,10,2,60,
2024-07-01 10:21:52.870632,300,7.3,25,50,1,0,8,2,180,
2024-07-02 10:21:52.870632,420,8.9,15,20,3,0,8,2,180,
2024-07-04 10:21:52.870632,480,7.6,25,60,3,0,7,2,120,
2024-07-05 10:21:52.870632,315,5.9,5,20,2,0,3,0,180,
2024-07-09 10:21:52.870632,540,5.2,5,10,2,1,2,0,180,
2024-07-10 10:21:52.870632,255,8.7,30,60,2,0,7,2,180,
2024-07-11 10:21:52.870632,345,5.0,5,30,3,1,4,0,180,
2024-07-12 10:21:52.870632,480,8.4,5,0,1,0,8,2,120,
2024-07-15 10:21:52.870632,270,6.1,10,10,3,1,2,0,180,
2024-07-16 10:21:52.870632,525,5.9,25,30,3,0,7,0,60,
2024-07-18 10:21:52.870632,330,8.7,10,10,2,0,7,2,60,
2024-07-19 10:21:52.870632,345,8.2,25,10,1,1,7,2,60,
2024-07-21 10:21:52.870632,450,8.5,10,20,2,1,8,2,180,
2024-07-22 10:21:52.870632,315,6.1,30,30,2,1,4,0,120,
2024-07-24 10:21:52.870632,270,8.5,30,20,4,0,7,2,180,
2024-07-26 10:21:52.870632,345,8.6,30,0,1,1,10,2,180,
2024-07-27 10:21:52.870632,540,7.6,5,0,0,1,7,2,60,
2024-07-28 10:21:52.870632,540,6.6,0,40,0,1,4,0,180,
2024-07-31 10:21:52.870632,405,8.5,10,60,2,0,8,2,120,
2024-08-02 10:21:52.870632,315,5.6,15,20,1,1,3,0,120,
2024-08-03 10:21:52.870632,540,7.9,5,40,3,0,10,2,180,
2024-08-06 10:21:52.870632,450,5.4,0,0,1,1,1,0,120,
2024-08-07 10:21:52.870632,570,5.5,0,20,3,1,1,0,60,
2024-08-08 10:21:52.870632,240,5.2,30,20,1,1,1,0,120,
2024-08-10 10:21:52.870632,270,5.0,10,20,2,1,3,0,180,
2024-08-11 10:21:52.870632,480,7.3,25,60,2,0,8,2,180,
2024-08-12 10:21:52.870632,255,6.1,30,40,4,0,4,0,180,
2024-08-14 10:21:52.870632,390,5.7,5,40,2,1,5,0,60,
2024-08-16 10:21:52.870632,450,5.1,10,20,4,1,1,0,180,
2024-08-17 10:21:52.870632,525,6.2,10,60,0,0,4,0,120,
2024-08-18 10:21:52.870632,525,5.2,15,0,2,0,2,0,180,
2024-08-19 10:21:52.870632,510,5.9,5,0,2,0,3,0,60,
2024-08-21 10:21:52.870632,240,8.9,0,40,2,0,10,2,180,
2024-08-22 10:21:52.870632,390,7.7,30,20,4,1,7,2,120,
2024-08-23 10:21:52.870632,300,8.1,15,60,3,1,9,2,120,
2024-08-24 10:21:52.870632,555,6.3,0,20,3,0,2,0,120,
2024-08-25 10:21:52.870632,285,6.2,0,0,0,0,3,0,60,
2024-08-27 10:21:52.870632,540,6.9,30,20,4,0,4,0,120,
2024-08-28 10:21:52.870632,405,5.9,20,50,3,1,4,0,60,
2024-08-29 10:21:52.870632,540,8.3,20,30,0,0,7,2,180,
2024-08-30 10:21:52.870632,375,5.0,5,40,0,0,5,0,60,
2024-09-01 10:21:52.870632,375,8.8,30,30,2,1,9,2,180,
2024-09-02 10:21:52.870632,345,7.6,15,20,4,0,7,2,60,
2024-09-05 10:21:52.870632,420,7.0,0,0,4,1,4,0,120,
2024-09-07 10:21:52.870632,435,5.2,10,20,1,1,4,0,180,
2024-09-08 10:21:52.870632,315,7.4,0,10,3,1,4,0,60,
2024-09-09 10:21:52.870632,300,8.7,25,0,1,0,7,2,180,
2024-09-10 10:21:52.870632,315,7.1,25,40,3,0,8,2,180,
2024-09-11 10:21:52.870632,360,8.3,15,30,4,0,10,2,60,
2024-09-12 10:21:52.870632,525,7.1,15,40,0,1,7,2,120,
2024-09-13 10:21:52.870632,420,5.5,5,60,3,0,3,0,120,
2024-09-15 10:21:52.870632,420,5.8,30,50,2,1,4,0,120,
2024-09-16 10:21:52.870632,240,6.8,5,10,3,0,4,0,120,
2024-09-17 10:21:52.870632,435,5.7,15,10,4,0,2,0,180,
2024-09-19 10:21:52.870632,270,5.9,10,10,0,1,4,0,120,
2024-09-20 10:21:52.870632,495,7.1,5,30,4,0,8,2,120,
2024-09-21 10:21:52.870632,270,7.9,10,60,4,0,8,2,180,
2024-09-22 10:21:52.870632,525,7.0,10,60,2,0,8,2,60,
2024-09-24 10:21:52.870632,390,8.0,25,40,3,0,7,2,180,
2024-09-26 10:21:52.870632,375,7.6,20,50,0,1,7,2,60,
2024-09-27 10:21:52.870632,450,5.1,30,10,3,1,4,0,120,
2024-09-28 10:21:52.870632,465,5.2,20,60,2,0,5,0,180,
2024-09-29 10:21:52.870632,525,8.6,20,20,4,1,9,2,120,
2024-10-01 10:21:52.870632,420,5.6,5,20,4,0,3,0,120,
2024-10-03 10:21:52.870632,450,7.4,15,60,1,0,8,2,120,
2024-10-05 10:21:52.870632,510,8.3,10,40,0,1,9,2,120,
2024-10-06 10:21:52.870632,405,8.5,10,10,2,0,7,2,180,
2024-10-09 10:21:52.870632,315,7.3,5,10,0,0,4,0,60,
2024-10-10 10:21:52.870632,570,5.4,5,20,2,1,3,0,180,
2024-10-13 10:21:52.870632,375,7.0,10,0,4,1,4,0,120,
2024-10-14 10:21:52.870632,285,8.3,0,20,1,0,8,2,60,
2024-10-15 10:21:52.870632,315,8.3,20,0,2,0,8,2,180,
2024-10-16 10:21:52.870632,270,8.8,30,40,0,0,7,2,120,
2024-10-19 10:21:52.870632,450,5.9,25,60,0,0,3,0,120,
2024-10-21 10:21:52.870632,315,5.3,30,50,4,1,4,0,60,
2024-10-22 10:21:52.870632,360,5.9,30,40,4,1,4,0,180,
2024-10-23 10:21:52.870632,315,7.0,20,0,1,1,7,2,180,
2024-10-24 10:21:52.870632,255,7.8,25,40,4,1,7,2,180,
2024-10-26 10:21:52.870632,540,8.5,5,30,3,0,7,2,60,
2024-10-27 10:21:52.870632,330,8.3,10,60,0,0,9,2,60,
2024-10-28 10:21:52.870632,540,6.6,15,10,2,1,4,0,180,
2024-10-29 10:21:52.870632,375,8.6,0,60,4,0,8,2,120,
2024-10-30 10:21:52.870632,390,7.3,5,0,2,1,8,2,120,
2024-10-31 10:21:52.870632,405,5.6,5,50,2,0,4,0,180,
2024-11-01 10:21:52.870632,525,5.7,10,0,3,1,3,0,60,
2024-11-02 10:21:52.870632,450,8.8,5,30,2,1,10,2,60,
2024-11-03 10:21:52.870632,375,7.3,20,20,1,0,4,0,120,
2024-11-04 10:21:52.870632,420,7.5,20,50,3,1,7,2,180,
2024-11-07 10:21:52.870632,405,5.6,5,10,1,1,5,0,180,
2024-11-08 10:21:52.870632,420,5.5,15,20,1,1,4,0,180,
2024-11-09 10:21:52.870632,525,5.8,0,30,1,0,2,0,60,
2024-11-10 10:21:52.870632,300,7.4,15,40,3,0,8,2,120,
2024-11-11 10:21:52.870632,375,8.4,25,30,3,1,8,2,120,
2024-11-13 10:21:52.870632,480,7.8,10,30,2,0,10,2,60,
2024-11-14 10:21:52.870632,555,5.7,25,0,2,1,5,0,60,
2024-11-15 10:21:52.870632,585,5.7,20,60,2,1,4,0,120,
2024-11-16 10:21:52.870632,450,8.0,20,40,0,0,8,2,120,
2024-11-17 10:21:52.870632,420,5.8,15,20,0,1,3,0,180,
2024-11-18 10:21:52.870632,585,5.9,20,0,4,1,4,0,120,
2024-11-19 10:21:52.870632,315,5.5,20,40,2,0,3,0,180,
2024-11-21 10:21:52.870632,555,5.4,10,60,0,0,5,0,180,
2024-11-22 10:21:52.870632,330,7.6,25,10,4,0,8,2,120,
2024-11-23 10:21:52.870632,540,8.4,5,30,4,0,7,2,120,
2024-11-24 10:21:52.870632,450,7.1,15,40,3,1,8,2,60,
2024-11-25 10:21:52.870632,360,6.0,15,0,0,0,3,0,60,
2024-11-26 10:21:52.870632,510,5.4,15,50,3,1,3,0,180,
2024-11-28 10:21:52.870632,555,5.6,10,60,1,1,6,0,120,
2024-11-29 10:21:52.870632,435,7.7,5,30,2,1,8,2,180,
2024-11-30 10:21:52.870632,255,7.0,20,40,3,0,7,2,120,
2024-12-05 10:21:52.870632,480,8.4,0,60,3,1,7,2,60,
2024-12-07 10:21:52.870632,360,8.1,5,40,2,1,8,2,60,
2024-12-08 10:21:52.870632,285,5.3,30,0,4,0,3,0,120,
2024-12-09 10:21:52.870632,420,8.7,30,50,3,0,9,2,60,
2024-12-10 10:21:52.870632,435,5.5,10,20,1,0,5,0,120,
2024-12-12 10:21:52.870632,360,5.6,10,40,2,1,4,0,60,
2024-12-14 10:21:52.870632,525,8.5,5,0,0,1,7,2,60,
2024-12-15 10:21:52.870632,390,5.3,25,60,3,0,2,0,120,
2024-12-16 10:21:52.870632,390,7.3,5,10,3,1,7,2,60,
2024-12-17 10:21:52.870632,360,8.2,10,50,4,1,10,2,120,
2024-12-20 10:21:52.870632,510,5.1,30,30,0,0,3,0,120,
2024-12-21 10:21:52.870632,555,8.1,5,40,3,1,10,2,60,
2024-12-22 10:21:52.870632,360,5.7,30,20,1,0,4,0,180,
2024-12-23 10:21:52.870632,405,8.8,15,0,3,1,7,2,60,
2024-12-24 10:21:52.870632,585,8.4,15,10,0,1,9,2,60,
2024-12-26 10:21:52.870632,390,6.4,25,60,1,1,4,0,120,
2024-12-27 10:21:52.870632,405,5.6,15,20,0,1,3,0,120,
2024-12-28 10:21:52.870632,465,5.3,0,10,4,1,1,0,120,
2024-12-30 10:21:52.870632,510,8.2,5,40,2,0,7,2,120,
2024-12-31 10:21:52.870632,240,6.1,15,0,0,0,2,0,120,
2025-01-02 10:21:52.870632,285,7.6,5,60,4,0,8,2,180,
2025-01-05 10:21:52.870632,480,7.2,10,10,2,0,7,2,120,
2025-01-07 10:21:52.870632,270,5.8,25,60,2,0,4,0,60,
2025-01-08 10:21:52.870632,450,5.8,30,0,0,1,3,0,60,
2025-01-10 10:21:52.870632,525,8.0,5,0,1,0,7,2,180,
2025-01-11 10:21:52.870632,525,8.2,5,60,1,0,7,2,60,
2025-01-13 10:21:52.870632,285,5.6,30,40,0,1,6,0,120,
2025-01-14 10:21:52.870632,375,5.5,25,0,0,1,4,0,60,
2025-01-16 10:21:52.870632,255,5.8,25,10,1,0,3,0,60,
2025-01-17 10:21:52.870632,375,5.3,0,40,0,1,1,0,120,
2025-01-21 10:21:52.870632,585,5.9,20,30,3,0,3,0,120,
2025-01-23 10:21:52.870632,465,8.3,5,50,1,0,9,2,180,
2025-01-25 10:21:52.870632,570,7.8,30,0,0,1,8,2,60,
2025-01-26 10:21:52.870632,330,5.7,25,20,0,1,3,0,60,
2025-01-27 10:21:52.870632,450,6.4,20,0,1,1,4,0,60,
2025-01-28 10:21:52.870632,330,8.9,5,0,4,0,9,2,120,
2025-01-29 10:21:52.870632,330,9.0,5,40,3,0,10,2,120,
2025-01-30 10:21:52.870632,435,5.0,25,40,0,0,4,0,60,
2025-01-31 10:21:52.870632,270,8.6,20,50,2,0,10,2,120,
2025-02-01 10:21:52.870632,300,8.4,15,60,2,0,7,2,60,
2025-02-03 10:21:52.870632,270,7.4,5,50,4,0,8,2,60,
2025-02-04 10:21:52.870632,540,5.4,15,40,4,0,6,0,120,
2025-02-05 10:21:52.870632,285,5.5,30,50,1,0,4,0,180,
2025-02-06 10:21:52.870632,510,8.5,5,50,1,1,7,2,180,
2025-02-08 10:21:52.870632,285,8.7,20,50,3,0,9,2,60,
2025-02-09 10:21:52.870632,285,8.5,5,30,1,1,8,2,120,
2025-02-10 10:21:52.870632,390,7.8,5,30,2,1,9,2,180,
2025-02-12 10:21:52.870632,375,8.0,30,60,1,1,8,2,180,
2025-02-13 10:21:52.870632,525,8.4,30,0,4,0,9,2,180,
2025-02-14 10:21:52.870632,270,7.4,10,50,0,1,7,2,180,
2025-02-15 10:21:52.870632,465,7.9,30,60,4,0,9,2,180,
2025-02-17 10:21:52.870632,285,8.4,20,60,2,0,8,2,120,
2025-02-19 10:21:52.870632,510,6.5,0,60,0,1,4,0,60,
2025-02-20 10:21:52.870632,270,6.4,15,50,3,0,4,0,60,
2025-02-21 10:21:52.870632,495,7.7,5,40,3,0,7,2,60,
2025-02-22 10:21:52.870632,360,6.5,5,0,1,1,3,0,60,
2025-02-24 10:21:52.870632,525,5.1,25,60,0,1,2,0,60,
2025-02-26 10:21:52.870632,585,8.8,30,50,0,0,8,2,120,
2025-03-01 10:21:52.870632,300,6.9,0,50,4,1,4,0,60,
2025-03-02 10:21:52.870632,270,6.3,10,10,2,0,3,0,60,
2025-03-04 10:21:52.870632,510,6.5,20,40,0,0,4,0,180,
2025-03-05 10:21:52.870632,345,5.5,0,30,1,0,5,0,180,
2025-03-07 10:21:52.870632,495,8.8,15,30,3,0,8,2,120,
2025-03-08 10:21:52.870632,240,5.2,5,60,3,0,3,0,180,
2025-03-11 10:21:52.870632,360,7.0,0,30,3,1,7,2,60,
2025-03-12 10:21:52.870632,390,7.2,25,0,0,1,4,0,120,
2025-03-13 10:21:52.870632,525,7.0,0,20,1,1,4,0,120,
2025-03-14 10:21:52.870632,555,6.2,20,50,2,1,4,0,120,
2025-03-15 10:21:52.870632,585,8.6,10,50,3,0,9,2,60,
2025-03-16 10:21:52.870632,540,5.0,0,60,3,0,2,0,180,
2025-03-17 10:21:52.870632,360,5.3,20,30,0,1,6,0,60,
2025-03-18 10:21:52.870632,585,5.8,25,20,0,1,4,0,180,
2025-03-19 10:21:52.870632,480,8.5,20,0,4,1,8,2,180,
2025-03-20 10:21:52.870632,540,8.8,20,30,1,1,8,2,60,
2025-03-23 10:21:52.870632,585,5.5,20,40,0,0,4,0,120,
2025-03-24 10:21:52.870632,315,8.6,5,0,0,1,7,2,120,
2025-03-25 10:21:52.870632,390,5.4,5,20,3,1,3,0,180,
2025-03-26 10:21:52.870632,330,8.8,30,30,1,0,9,2,60,
2025-03-27 10:21:52.870632,255,6.0,25,20,2,1,4,0,60,
2025-03-29 10:21:52.870632,300,5.6,10,50,1,1,4,0,120,
2025-03-30 10:21:52.870632,540,5.4,5,30,4,1,6,0,180,
2025-04-01 10:21:52.870632,315,7.0,10,40,1,1,8,2,120,
2025-04-03 10:21:52.870632,465,8.0,30,10,2,1,7,2,180,
2025-04-05 10:21:52.870632,435,5.8,15,30,0,0,5,0,120,
2025-04-06 10:21:52.870632,555,8.6,15,50,1,0,9,2,120,
2025-04-07 10:21:52.870632,525,9.0,5,60,3,1,10,2,60,
2025-04-08 10:21:52.870632,585,7.6,20,40,2,0,9,2,120,
2025-04-09 10:21:52.870632,420,5.5,20,50,3,1,6,0,180,
2025-04-12 10:21:52.870632,420,8.8,20,0,1,1,9,2,120,
2025-04-14 10:21:52.870632,570,7.4,10,0,1,0,8,2,180,
2025-04-15 10:21:52.870632,480,8.4,25,30,1,1,8,2,120,
2025-04-16 10:21:52.870632,495,8.2,10,30,3,0,7,2,120,
2025-04-17 10:21:52.870632,270,8.5,5,0,2,0,9,2,180,
2025-04-22 10:21:52.870632,255,5.7,25,20,4,0,3,0,120,
2025-04-23 10:21:52.870632,255,5.8,5,10,3,1,3,0,120,
2025-04-24 10:21:52.870632,540,8.6,15,40,3,1,9,2,60,
2025-04-25 10:21:52.870632,465,5.3,5,0,2,0,2,0,120,
2025-04-26 10:21:52.870632,555,8.2,5,60,3,0,10,2,180,
2025-04-27 10:21:52.870632,450,9.0,0,40,1,0,7,2,180,
2025-04-28 10:21:52.870632,315,5.8,20,40,3,0,3,0,120,
2025-04-29 10:21:52.870632,540,5.9,10,50,2,0,4,0,120,
2025-05-01 10:21:52.870632,375,5.9,10,0,2,1,5,0,60,
2025-05-02 10:21:52.870632,345,5.8,25,10,2,0,3,0,120,
2025-05-04 10:21:52.870632,495,6.3,15,0,1,0,4,0,60,
2025-05-05 10:21:52.870632,270,8.9,15,30,0,1,9,2,60,
2025-05-06 10:21:52.870632,420,8.9,5,30,1,0,9,2,120,
2025-05-08 10:21:52.870632,405,7.1,0,20,1,0,3,0,120,
2025-05-09 10:21:52.870632,420,5.2,30,50,0,1,2,0,60,
2025-05-10 10:21:52.870632,390,8.7,30,20,1,1,8,2,60,
2025-05-11 10:21:52.870632,300,8.5,20,30,1,0,9,2,60,
2025-05-12 10:21:52.870632,465,8.7,5,40,0,1,9,2,180,
2025-05-13 10:21:52.870632,345,5.9,0,30,2,0,5,0,180,
2025-05-15 10:21:52.870632,525,8.4,30,40,3,0,8,2,120,
2025-05-16 10:21:52.870632,555,8.0,15,40,3,0,7,2,60,
2025-05-17 10:21:52.870632,330,5.9,20,20,3,1,4,0,180,
2025-05-18 10:21:52.870632,525,5.1,0,40,2,0,4,0,60,
2025-05-20 10:21:52.870632,555,8.3,0,10,1,1,7,2,120,
2025-05-21 10:21:52.870632,270,7.7,20,0,0,0,7,2,120,
2025-05-22 10:21:52.870632,240,7.5,20,20,0,0,7,2,120,
2025-05-23 10:21:52.870632,525,6.2,25,10,1,1,3,0,120,
2025-05-24 10:21:52.870632,525,5.7,30,40,1,1,5,0,180,
2025-05-25 10:21:52.870632,435,7.6,15,50,2,1,8,2,120,
2025-05-26 10:21:52.870632,330,7.5,5,40,0,1,7,2,180,
2025-05-27 10:21:52.870632,240,6.2,30,30,0,1,4,0,120,
2025-05-28 10:21:52.870632,405,7.7,15,0,3,0,8,2,60,
2025-05-30 10:21:52.870632,405,7.5,5,0,1,1,8,2,60,
2025-05-31 10:21:52.870632,270,5.6,20,10,0,0,4,0,120,
2025-06-01 10:21:52.870632,390,8.2,25,60,3,1,7,2,60,
2025-06-02 10:21:52.870632,570,8.9,10,40,4,0,9,2,60,
2025-06-03 10:21:52.870632,495,6.8,10,20,4,1,4,0,60,
2025-06-05 10:21:52.870632,360,9.0,20,20,4,1,9,2,60,
2025-06-06 10:21:52.870632,555,6.2,5,0,2,0,4,0,120,
2025-06-07 10:21:52.870632,435,5.0,0,60,0,0,2,0,120,
2025-06-09 10:21:52.870632,315,8.9,15,30,4,1,10,2,180,
2025-06-10 10:21:52.870632,480,5.1,0,0,1,0,3,0,180,
2025-06-11 10:21:52.870632,390,5.9,5,30,4,0,4,0,180,
2025-06-12 10:21:52.870632,390,5.3,15,0,1,0,4,0,120,
2025-06-13 10:21:52.870632,480,8.3,30,10,1,1,9,2,180,
2025-06-14 10:21:52.870632,420,5.6,0,50,3,1,4,0,60,
2025-06-16 10:21:52.870632,330,6.6,10,20,1,1,3,0,180,
2025-06-18 10:21:52.870632,555,5.9,25,30,3,1,3,0,180,
2025-06-19 10:21:52.870632,330,5.6,10,30,1,0,5,0,60,
2025-06-20 10:21:52.870632,570,8.0,25,30,4,0,7,2,60,
2025-06-22 10:21:52.870632,315,5.8,15,10,4,0,4,0,180,
2025-06-25 10:21:52.870632,375,7.1,20,10,4,0,7,2,120,
2025-06-26 10:21:52.870632,405,8.5,20,40,1,0,10,2,60,
2025-06-27 10:21:52.870632,435,5.5,0,50,2,0,4,0,60,
2025-06-29 10:21:52.870632,420,7.5,15,50,1,1,8,2,120,
2025-06-30 10:21:52.870632,405,8.9,20,0,4,1,7,2,180,
2025-07-01 10:21:52.870632,420,8.5,20,60,3,1,8,2,120,
2025-07-02 10:21:52.870632,315,5.1,25,50,4,1,2,0,120,
2025-07-04 10:21:52.870632,510,6.1,0,50,0,1,4,0,60,
2025-07-05 10:21:52.870632,465,5.6,20,20,2,0,5,0,60,
2025-07-06 10:21:52.870632,390,8.2,0,0,1,0,7,2,120,
2025-07-07 10:21:52.870632,450,6.2,0,20,4,0,2,0,120,
2025-07-08 10:21:52.870632,345,5.9,15,60,3,0,6,0,180,
2025-07-09 10:21:52.870632,330,8.6,30,50,3,0,8,2,120,
2025-07-10 10:21:52.870632,330,8.5,5,20,2,0,7,2,120,
2025-07-12 10:21:52.870632,360,6.2,5,40,1,0,4,0,120,
2025-07-13 10:21:52.870632,360,8.8,25,30,1,0,8,2,60,
2025-07-14 10:21:52.870632,300,8.1,25,60,4,1,9,2,180,
2025-07-15 10:21:52.870632,495,5.1,10,20,1,0,5,0,180,
2025-07-18 10:21:52.870632,480,7.2,25,10,2,1,7,2,120,
2023-02-01 10:21:52.870632,330,6.6,20,60,2,1,6,1,60,0.0
2023-02-06 10:21:52.870632,435,8.2,15,10,0,0,6,1,60,2.0
2023-02-09 10:21:52.870632,465,7.0,5,10,4,1,5,1,60,0.0
2023-02-11 10:21:52.870632,255,7.5,0,50,4,1,6,1,180,2.0
2023-02-15 10:21:52.870632,525,7.0,5,0,4,1,6,1,60,0.0
2023-02-17 10:21:52.870632,420,6.8,5,0,3,0,6,1,60,0.0
2023-02-22 10:21:52.870632,240,8.3,0,10,3,1,6,1,180,0.0
2023-02-26 10:21:52.870632,240,7.7,15,20,0,1,5,1,120,0.0
2023-03-02 10:21:52.870632,510,6.7,30,40,3,0,5,1,180,0.0
2023-03-03 10:21:52.870632,300,6.6,10,30,1,1,5,1,180,0.0
2023-03-04 10:21:52.870632,570,6.5,15,60,2,1,5,1,120,0.0
2023-03-17 10:21:52.870632,525,8.4,10,20,1,0,6,1,60,2.0
2023-03-20 10:21:52.870632,240,7.4,0,20,3,1,5,1,120,0.0
2023-03-25 10:21:52.870632,315,6.1,15,50,2,1,7,1,120,0.0
2023-03-29 10:21:52.870632,585,6.8,10,40,1,1,5,1,60,0.0
2023-03-30 10:21:52.870632,480,8.0,0,0,2,1,6,1,120,2.0
2023-04-01 10:21:52.870632,525,6.7,20,50,2,0,5,1,120,0.0
2023-04-03 10:21:52.870632,330,6.3,0,30,2,0,6,1,120,0.0
2023-04-04 10:21:52.870632,480,6.6,30,20,3,1,5,1,120,0.0
2023-04-05 10:21:52.870632,330,7.1,25,0,4,0,5,1,60,2.0
2023-04-06 10:21:52.870632,405,7.0,5,60,1,1,5,1,180,2.0
2023-04-09 10:21:52.870632,450,6.0,30,20,4,1,5,1,120,0.0
2023-04-10 10:21:52.870632,285,7.5,10,50,2,1,6,1,120,2.0
2023-04-11 10:21:52.870632,570,6.2,25,30,3,0,7,1,60,0.0
2023-04-13 10:21:52.870632,585,7.0,5,40,1,0,5,1,60,2.0
2023-04-22 10:21:52.870632,315,7.0,20,0,3,1,5,1,180,0.0
2023-04-23 10:21:52.870632,480,7.8,20,30,4,0,6,1,180,2.0
2023-04-24 10:21:52.870632,270,6.5,20,60,2,0,6,1,120,0.0
2023-04-30 10:21:52.870632,345,6.8,30,60,3,1,8,1,180,0.0
2023-05-03 10:21:52.870632,540,7.0,0,20,4,0,5,1,180,0.0
2023-05-10 10:21:52.870632,405,6.1,20,60,1,0,6,1,60,0.0
2023-05-16 10:21:52.870632,570,6.2,5,50,0,1,7,1,120,0.0
2023-05-18 10:21:52.870632,315,7.2,20,30,2,0,6,1,60,2.0
2023-05-21 10:21:52.870632,450,6.6,20,60,0,1,5,1,180,0.0
2023-05-22 10:21:52.870632,405,7.7,30,20,0,0,5,1,120,2.0
2023-05-23 10:21:52.870632,405,8.6,0,50,0,1,6,1,60,2.0
2023-05-24 10:21:52.870632,405,7.1,25,60,3,0,5,1,120,2.0
2023-05-27 10:21:52.870632,450,7.6,5,20,2,1,5,1,120,2.0
2023-05-28 10:21:52.870632,285,6.9,20,30,1,0,7,1,60,0.0
2023-05-29 10:21:52.870632,540,8.5,20,0,2,1,6,1,60,2.0
2023-06-01 10:21:52.870632,555,8.1,20,20,3,0,5,1,180,2.0
2023-06-02 10:21:52.870632,255,8.7,10,10,2,1,6,1,120,0.0
2023-06-03 10:21:52.870632,285,7.7,30,50,3,0,6,1,120,2.0
2023-06-05 10:21:52.870632,375,6.6,20,50,3,0,7,1,120,0.0
2023-06-06 10:21:52.870632,480,6.0,20,50,2,0,5,1,180,0.0
2023-06-07 10:21:52.870632,300,6.6,30,10,3,0,5,1,60,0.0
2023-06-12 10:21:52.870632,480,6.6,20,0,2,1,6,1,60,0.0
2023-06-13 10:21:52.870632,525,7.9,5,50,4,0,6,1,120,2.0
2023-06-20 10:21:52.870632,435,8.0,0,20,0,0,6,1,60,2.0
2023-06-22 10:21:52.870632,450,7.4,0,0,1,1,6,1,180,0.0
2023-06-29 10:21:52.870632,285,6.4,25,60,3,1,5,1,120,0.0
2023-07-02 10:21:52.870632,315,8.7,25,10,3,0,6,1,180,2.0
2023-07-04 10:21:52.870632,585,7.6,30,40,1,0,6,1,60,2.0
2023-07-10 10:21:52.870632,330,6.9,10,10,0,0,5,1,180,0.0
2023-07-11 10:21:52.870632,285,6.2,30,0,4,0,6,1,120,0.0
2023-07-14 10:21:52.870632,390,6.7,30,50,4,0,6,1,180,0.0
2023-07-19 10:21:52.870632,390,6.5,25,40,2,1,8,1,120,0.0
2023-07-23 10:21:52.870632,375,7.3,25,60,3,1,5,1,60,2.0
2023-07-28 10:21:52.870632,360,6.2,20,40,1,0,6,1,60,0.0
2023-08-03 10:21:52.870632,375,7.1,20,20,4,1,5,1,180,0.0
2023-08-05 10:21:52.870632,390,6.4,25,0,3,1,6,1,60,0.0
2023-08-09 10:21:52.870632,240,8.3,0,50,4,0,6,1,60,2.0
2023-08-12 10:21:52.870632,585,6.7,5,10,2,0,5,1,120,0.0
2023-08-16 10:21:52.870632,315,8.2,20,50,4,0,6,1,120,2.0
2023-08-24 10:21:52.870632,405,7.9,25,0,4,1,6,1,180,0.0
2023-08-29 10:21:52.870632,540,6.9,30,50,1,0,8,1,180,0.0
2023-08-31 10:21:52.870632,375,7.1,30,60,2,1,6,1,60,2.0
2023-09-03 10:21:52.870632,240,7.3,0,0,2,0,6,1,60,0.0
2023-09-05 10:21:52.870632,570,7.0,0,20,4,1,5,1,120,0.0
2023-09-06 10:21:52.870632,585,7.9,0,60,0,0,6,1,60,2.0
2023-09-07 10:21:52.870632,315,6.0,15,40,0,1,5,1,120,0.0
2023-09-11 10:21:52.870632,585,7.4,30,0,1,0,5,1,60,0.0
2023-09-17 10:21:52.870632,405,6.1,30,20,4,0,5,1,120,0.0
2023-09-19 10:21:52.870632,405,7.7,30,20,2,1,5,1,180,2.0
2023-09-23 10:21:52.870632,465,6.9,20,30,2,0,6,1,120,2.0
2023-09-25 10:21:52.870632,315,7.1,30,0,0,1,6,1,60,0.0
2023-09-27 10:21:52.870632,345,7.5,10,10,1,1,5,1,60,2.0
2023-09-30 10:21:52.870632,405,6.3,10,60,4,1,5,1,60,0.0
2023-10-04 10:21:52.870632,525,6.9,0,60,0,1,5,1,180,0.0
2023-10-06 10:21:52.870632,585,6.6,30,20,4,1,6,1,60,2.0
2023-10-12 10:21:52.870632,285,6.4,20,30,4,0,7,1,60,0.0
2023-10-19 10:21:52.870632,420,7.3,0,40,0,1,5,1,120,2.0
2023-10-21 10:21:52.870632,480,6.2,20,0,3,1,5,1,120,0.0
2023-10-22 10:21:52.870632,270,6.4,0,60,3,0,5,1,180,0.0
2023-10-23 10:21:52.870632,345,8.3,0,60,1,0,6,1,120,2.0
2023-10-29 10:21:52.870632,555,8.6,0,10,3,1,6,1,120,2.0
2023-11-04 10:21:52.870632,450,7.1,0,40,3,0,6,1,180,0.0
2023-11-06 10:21:52.870632,360,6.1,5,40,4,0,5,1,60,0.0
2023-11-07 10:21:52.870632,375,8.6,0,40,4,0,6,1,120,2.0
2023-11-09 10:21:52.870632,330,6.6,15,60,3,0,8,1,60,0.0
2023-11-12 10:21:52.870632,465,7.8,0,0,4,0,5,1,60,2.0
2023-11-15 10:21:52.870632,360,7.5,10,0,4,1,5,1,60,2.0
2023-11-17 10:21:52.870632,390,6.1,15,20,1,0,6,1,120,0.0
2023-11-19 10:21:52.870632,450,6.9,25,40,2,0,6,1,120,2.0
2023-11-26 10:21:52.870632,375,6.4,25,60,4,0,5,1,180,0.0
2023-11-27 10:21:52.870632,345,6.5,30,0,4,1,5,1,60,0.0
2023-11-30 10:21:52.870632,300,7.3,20,0,3,0,5,1,120,2.0
2023-12-06 10:21:52.870632,285,8.7,15,0,4,0,6,1,120,2.0
2023-12-09 10:21:52.870632,270,6.4,10,40,4,1,6,1,180,0.0
2023-12-13 10:21:52.870632,585,7.5,20,0,3,1,5,1,180,2.0
2023-12-16 10:21:52.870632,285,7.8,10,50,4,1,6,1,60,2.0
2023-12-20 10:21:52.870632,315,7.1,20,0,4,1,6,1,120,0.0
2023-12-23 10:21:52.870632,585,6.8,25,0,4,1,7,1,180,0.0
2023-12-24 10:21:52.870632,240,8.2,15,10,2,0,6,1,180,2.0
2023-12-27 10:21:52.870632,315,6.6,15,60,2,0,6,1,120,0.0
2023-12-28 10:21:52.870632,300,6.4,5,50,2,1,7,1,60,0.0
2024-01-02 10:21:52.870632,360,6.1,10,60,4,0,7,1,180,0.0
2024-01-04 10:21:52.870632,405,6.5,5,20,1,1,5,1,180,0.0
2024-01-07 10:21:52.870632,420,6.0,30,40,3,0,5,1,60,0.0
2024-01-08 10:21:52.870632,315,7.0,30,40,4,0,6,1,60,2.0
2024-01-12 10:21:52.870632,585,7.2,25,0,4,1,5,1,60,2.0
2024-01-13 10:21:52.870632,525,7.2,25,10,4,1,5,1,60,2.0
2024-01-14 10:21:52.870632,255,7.6,15,50,3,0,6,1,120,2.0
2024-01-17 10:21:52.870632,330,7.1,5,40,3,1,5,1,120,2.0
2024-01-19 10:21:52.870632,375,7.2,15,10,3,0,5,1,180,2.0
2024-01-22 10:21:52.870632,585,6.0,5,50,4,0,5,1,180,0.0
2024-01-24 10:21:52.870632,360,6.3,15,20,4,1,6,1,180,0.0
2024-01-29 10:21:52.870632,495,7.8,25,40,1,0,6,1,120,2.0
2024-02-01 10:21:52.870632,405,6.8,20,10,2,0,7,1,180,0.0
2024-02-04 10:21:52.870632,585,7.3,15,50,4,1,6,1,60,2.0
2024-02-10 10:21:52.870632,525,6.6,5,10,4,1,6,1,60,0.0
2024-02-12 10:21:52.870632,420,6.8,25,10,2,0,6,1,180,0.0
2024-02-13 10:21:52.870632,405,8.3,30,0,4,0,6,1,60,2.0
2024-02-16 10:21:52.870632,300,6.4,5,30,3,1,7,1,60,0.0
2024-02-25 10:21:52.870632,405,6.8,5,50,0,1,6,1,180,0.0
2024-02-26 10:21:52.870632,270,7.1,20,30,0,0,5,1,120,0.0
2024-03-06 10:21:52.870632,420,7.4,30,60,1,0,6,1,180,0.0
2024-03-10 10:21:52.870632,480,7.4,5,50,4,0,6,1,120,2.0
2024-03-11 10:21:52.870632,375,6.1,10,60,3,0,7,1,180,0.0
2024-03-12 10:21:52.870632,420,8.2,0,10,1,0,5,1,120,2.0
2024-03-13 10:21:52.870632,405,6.8,10,0,1,1,7,1,120,0.0
2024-03-15 10:21:52.870632,540,6.9,15,40,1,0,5,1,60,2.0
2024-03-19 10:21:52.870632,585,7.4,5,50,0,0,5,1,180,2.0
2024-03-22 10:21:52.870632,435,6.7,5,30,1,0,6,1,180,0.0
2024-03-25 10:21:52.870632,300,6.6,25,60,4,1,5,1,60,0.0
2024-03-26 10:21:52.870632,285,8.4,15,20,0,0,6,1,180,2.0
2024-03-27 10:21:52.870632,315,6.3,25,60,3,1,5,1,60,0.0
2024-04-02 10:21:52.870632,285,7.8,0,20,4,1,6,1,120,0.0
2024-04-10 10:21:52.870632,390,6.9,30,0,1,1,5,1,180,0.0
2024-04-13 10:21:52.870632,570,6.1,5,30,2,1,5,1,60,0.0
2024-04-18 10:21:52.870632,585,6.9,20,50,3,0,7,1,60,2.0
2024-04-21 10:21:52.870632,315,7.1,15,60,2,0,6,1,120,2.0
2024-04-22 10:21:52.870632,270,7.3,25,10,4,1,5,1,180,0.0
2024-04-30 10:21:52.870632,495,6.1,20,0,1,0,5,1,60,0.0
2024-05-02 10:21:52.870632,390,7.1,15,60,4,1,6,1,180,2.0
2024-05-07 10:21:52.870632,285,6.4,30,30,0,0,6,1,180,0.0
2024-05-11 10:21:52.870632,330,6.7,5,60,3,0,6,1,180,0.0
2024-05-13 10:21:52.870632,360,6.4,0,30,1,1,6,1,60,0.0
2024-05-15 10:21:52.870632,420,6.9,30,40,0,0,8,1,120,2.0
2024-05-19 10:21:52.870632,420,6.9,25,60,1,1,7,1,120,0.0
2024-05-23 10:21:52.870632,465,6.3,10,60,0,1,7,1,180,0.0
2024-06-03 10:21:52.870632,285,6.7,25,30,3,1,7,1,180,0.0
2024-06-07 10:21:52.870632,450,8.1,5,10,3,1,6,1,60,2.0
2024-06-11 10:21:52.870632,390,7.8,0,50,1,1,6,1,120,2.0
2024-06-12 10:21:52.870632,585,7.2,30,60,3,0,5,1,120,2.0
2024-06-16 10:21:52.870632,570,6.7,15,60,2,0,6,1,120,0.0
2024-06-21 10:21:52.870632,525,7.1,20,0,1,0,5,1,60,0.0
2024-06-23 10:21:52.870632,330,7.2,30,60,3,0,5,1,120,2.0
2024-06-24 10:21:52.870632,555,6.7,30,30,4,1,8,1,60,0.0
2024-06-30 10:21:52.870632,330,6.1,10,30,3,1,5,1,180,0.0
2024-07-03 10:21:52.870632,585,6.4,0,40,4,1,5,1,60,0.0
2024-07-06 10:21:52.870632,240,7.1,10,60,0,0,6,1,60,0.0
2024-07-07 10:21:52.870632,435,6.9,25,0,2,1,5,1,180,0.0
2024-07-08 10:21:52.870632,345,8.1,0,40,1,1,5,1,180,2.0
2024-07-13 10:21:52.870632,285,6.1,25,0,4,1,6,1,180,0.0
2024-07-14 10:21:52.870632,390,7.8,20,0,2,1,5,1,60,2.0
2024-07-17 10:21:52.870632,345,7.5,0,20,0,1,5,1,120,0.0
2024-07-20 10:21:52.870632,345,6.3,0,40,3,0,5,1,60,0.0
2024-07-23 10:21:52.870632,570,7.9,25,0,3,0,5,1,120,2.0
2024-07-25 10:21:52.870632,390,6.4,10,50,4,0,5,1,60,0.0
2024-07-29 10:21:52.870632,330,6.5,20,60,3,0,6,1,120,0.0
2024-07-30 10:21:52.870632,480,8.4,25,20,4,1,6,1,120,2.0
2024-08-01 10:21:52.870632,270,6.9,0,30,3,1,5,1,120,0.0
2024-08-04 10:21:52.870632,390,6.5,5,50,3,1,5,1,180,0.0
2024-08-05 10:21:52.870632,405,7.5,25,20,2,0,5,1,60,2.0
2024-08-09 10:21:52.870632,345,6.9,25,0,3,0,6,1,60,2.0
2024-08-13 10:21:52.870632,270,6.7,10,0,4,1,6,1,120,0.0
2024-08-15 10:21:52.870632,465,6.1,5,60,3,1,5,1,120,0.0
2024-08-20 10:21:52.870632,450,6.0,20,50,1,1,6,1,120,0.0
2024-08-26 10:21:52.870632,525,6.8,0,10,2,1,6,1,120,0.0
2024-08-31 10:21:52.870632,240,8.2,10,10,1,1,6,1,180,0.0
2024-09-03 10:21:52.870632,435,7.1,25,40,2,0,6,1,180,2.0
2024-09-04 10:21:52.870632,240,7.5,10,50,0,1,5,1,120,2.0
2024-09-06 10:21:52.870632,540,6.6,20,10,0,1,5,1,60,0.0
2024-09-14 10:21:52.870632,330,6.4,30,10,4,0,5,1,60,0.0
2024-09-18 10:21:52.870632,255,6.1,15,50,4,1,7,1,60,0.0
2024-09-23 10:21:52.870632,390,7.2,30,0,2,0,5,1,120,2.0
2024-09-25 10:21:52.870632,585,6.4,5,50,3,1,5,1,120,0.0
2024-09-30 10:21:52.870632,300,6.3,10,30,3,0,5,1,120,0.0
2024-10-02 10:21:52.870632,540,8.9,0,20,0,0,5,1,180,2.0
2024-10-04 10:21:52.870632,435,7.0,25,10,4,0,5,1,120,2.0
2024-10-07 10:21:52.870632,570,8.2,0,10,0,1,6,1,120,2.0
2024-10-08 10:21:52.870632,585,8.6,25,20,1,1,6,1,60,2.0
2024-10-11 10:21:52.870632,300,7.2,5,60,2,0,6,1,120,2.0
2024-10-12 10:21:52.870632,435,6.4,0,10,2,0,6,1,180,0.0
2024-10-17 10:21:52.870632,255,6.8,15,10,1,0,6,1,60,0.0
2024-10-18 10:21:52.870632,405,7.8,10,60,2,0,6,1,60,2.0
2024-10-20 10:21:52.870632,585,8.5,0,20,3,0,6,1,120,2.0
2024-10-25 10:21:52.870632,300,6.7,25,60,2,0,7,1,120,0.0
2024-11-05 10:21:52.870632,495,7.3,15,20,1,0,6,1,180,2.0
2024-11-06 10:21:52.870632,570,6.8,15,60,0,0,8,1,180,0.0
2024-11-12 10:21:52.870632,570,6.5,10,30,2,0,6,1,120,0.0
2024-11-20 10:21:52.870632,255,8.3,0,10,4,1,5,1,180,0.0
2024-11-27 10:21:52.870632,450,6.6,15,50,1,1,5,1,180,0.0
2024-12-01 10:21:52.870632,390,6.8,30,20,2,1,6,1,180,0.0
2024-12-02 10:21:52.870632,255,6.9,25,50,4,0,6,1,180,2.0
2024-12-03 10:21:52.870632,330,6.4,10,60,2,1,6,1,60,0.0
2024-12-04 10:21:52.870632,525,7.6,5,30,1,0,6,1,60,2.0
2024-12-06 10:21:52.870632,390,7.5,5,50,4,0,5,1,120,2.0
2024-12-11 10:21:52.870632,270,7.1,30,40,2,0,5,1,60,2.0
2024-12-13 10:21:52.870632,390,6.3,30,60,4,0,7,1,60,0.0
2024-12-18 10:21:52.870632,330,7.8,0,10,4,0,6,1,120,2.0
2024-12-19 10:21:52.870632,240,6.2,20,50,3,0,6,1,120,0.0
2024-12-25 10:21:52.870632,285,7.9,20,0,1,1,6,1,180,0.0
2024-12-29 10:21:52.870632,270,6.0,15,10,2,1,5,1,180,0.0
2025-01-01 10:21:52.870632,555,7.5,15,40,4,0,6,1,180,2.0
2025-01-03 10:21:52.870632,345,6.9,5,30,0,0,5,1,120,0.0
2025-01-04 10:21:52.870632,570,7.6,15,10,4,1,6,1,180,2.0
2025-01-06 10:21:52.870632,345,8.0,30,0,1,1,6,1,60,2.0
2025-01-09 10:21:52.870632,375,6.1,0,0,2,1,5,1,60,0.0
2025-01-12 10:21:52.870632,555,7.1,30,0,4,1,5,1,120,0.0
2025-01-15 10:21:52.870632,240,6.9,20,30,2,1,5,1,120,0.0
2025-01-18 10:21:52.870632,315,7.4,10,10,1,1,6,1,120,0.0
2025-01-19 10:21:52.870632,390,7.6,30,0,0,1,6,1,60,2.0
2025-01-20 10:21:52.870632,450,6.9,10,60,0,1,7,1,180,0.0
2025-01-22 10:21:52.870632,480,7.5,0,10,1,1,6,1,60,2.0
2025-01-24 10:21:52.870632,495,7.0,0,20,4,0,5,1,60,0.0
2025-02-02 10:21:52.870632,300,7.6,15,60,3,0,6,1,120,2.0
2025-02-07 10:21:52.870632,420,6.0,10,60,2,0,7,1,180,0.0
2025-02-11 10:21:52.870632,345,7.4,25,60,1,0,6,1,60,0.0
2025-02-16 10:21:52.870632,480,6.5,25,10,4,0,7,1,120,0.0
2025-02-18 10:21:52.870632,465,6.4,25,0,2,1,6,1,120,0.0
2025-02-23 10:21:52.870632,315,7.7,10,10,4,0,5,1,60,2.0
2025-02-25 10:21:52.870632,510,6.2,10,40,3,1,7,1,120,0.0
2025-02-27 10:21:52.870632,570,7.1,10,10,3,0,5,1,120,2.0
2025-02-28 10:21:52.870632,285,7.6,15,0,2,1,5,1,120,0.0
2025-03-03 10:21:52.870632,390,6.5,30,40,2,0,7,1,180,0.0
2025-03-06 10:21:52.870632,420,6.3,15,10,1,0,5,1,60,0.0
2025-03-09 10:21:52.870632,465,6.0,20,20,0,0,5,1,120,0.0
2025-03-10 10:21:52.870632,285,6.2,30,0,3,1,6,1,60,2.0
2025-03-21 10:21:52.870632,285,7.8,25,20,2,1,5,1,60,2.0
2025-03-22 10:21:52.870632,465,7.4,15,50,4,1,5,1,60,2.0
2025-03-28 10:21:52.870632,255,7.3,15,20,0,1,6,1,180,0.0
2025-03-31 10:21:52.870632,285,6.3,30,30,1,0,6,1,180,0.0
2025-04-02 10:21:52.870632,360,7.9,5,50,1,0,6,1,120,2.0
2025-04-04 10:21:52.870632,570,6.7,10,60,1,0,8,1,120,0.0
2025-04-10 10:21:52.870632,240,7.2,0,30,0,0,5,1,180,0.0
2025-04-11 10:21:52.870632,300,6.9,0,0,4,0,5,1,180,0.0
2025-04-13 10:21:52.870632,525,6.9,20,30,1,0,8,1,180,0.0
2025-04-18 10:21:52.870632,435,6.5,5,40,3,0,7,1,180,0.0
2025-04-19 10:21:52.870632,435,7.2,10,40,0,0,5,1,180,2.0
2025-04-20 10:21:52.870632,450,6.9,25,50,1,1,5,1,120,0.0
2025-04-21 10:21:52.870632,435,7.3,5,0,0,1,5,1,180,0.0
2025-04-30 10:21:52.870632,525,6.3,5,0,2,1,6,1,180,0.0
2025-05-03 10:21:52.870632,375,6.6,0,40,0,0,6,1,120,0.0
2025-05-07 10:21:52.870632,315,7.1,20,0,1,0,5,1,180,0.0
2025-05-14 10:21:52.870632,360,6.6,15,40,4,1,7,1,120,0.0
2025-05-19 10:21:52.870632,525,6.7,15,50,4,1,5,1,60,0.0
2025-05-29 10:21:52.870632,330,6.9,30,20,0,0,7,1,120,0.0
2025-06-04 10:21:52.870632,510,7.7,5,0,4,1,6,1,180,2.0
2025-06-08 10:21:52.870632,435,6.3,25,40,1,0,5,1,60,0.0
2025-06-15 10:21:52.870632,570,6.5,30,40,2,0,7,1,180,0.0
2025-06-17 10:21:52.870632,285,6.7,15,40,1,1,5,1,180,0.0
2025-06-21 10:21:52.870632,525,7.3,10,10,1,1,6,1,120,2.0
2025-06-23 10:21:52.870632,450,6.7,30,50,0,1,6,1,120,0.0
2025-06-24 10:21:52.870632,390,8.3,0,30,0,1,6,1,180,2.0
2025-06-28 10:21:52.870632,465,6.9,5,50,1,0,6,1,180,2.0
2025-07-03 10:21:52.870632,510,7.4,20,40,4,1,6,1,60,2.0
2025-07-11 10:21:52.870632,510,6.1,15,50,4,1,5,1,180,0.0
2025-07-16 10:21:52.870632,390,7.4,20,10,1,0,5,1,180,0.0
2025-07-17 10:21:52.870632,450,8.1,0,50,1,0,6,1,60,2.0
2025-07-19 10:21:52.870632,450,6.3,5,40,0,0,6,1,180,0.0
